ticker,fiscal_year,fiscal_quarter,revenue,operating_income,net_income,total_debt,total_equity,operating_cash_flow
NLN,2024,1,410.00,26.65,18.66,625.00,500.00,46.00
NLN,2024,2,418.00,27.17,19.02,657.36,498.00,45.00
NLN,2024,3,425.00,27.63,19.34,693.00,495.00,44.00
NLN,2024,4,432.00,28.08,19.66,725.20,490.00,43.00
NLN,2025,1,440.00,28.60,20.02,777.60,480.00,41.00
NLN,2025,2,448.00,29.12,20.38,893.00,470.00,38.00
NLN,2025,3,455.00,29.58,20.71,993.60,460.00,30.00
NLN,2025,4,462.00,30.03,21.02,1116.00,450.00,22.00
HBR,2024,1,390.00,21.45,15.02,473.00,430.00,58.00
HBR,2024,2,394.00,21.67,15.17,505.04,428.00,57.00
HBR,2024,3,398.00,21.89,15.32,530.00,424.00,56.00
HBR,2024,4,402.00,22.11,15.48,562.80,420.00,55.00
HBR,2025,1,406.00,22.33,15.63,615.00,410.00,53.00
HBR,2025,2,410.00,22.55,15.79,700.00,400.00,51.00
HBR,2025,3,414.00,22.77,15.94,787.80,390.00,44.00
HBR,2025,4,418.00,22.99,16.09,877.80,380.00,36.00
FLD,2024,1,280.00,22.40,15.68,336.00,320.00,24.00
FLD,2024,2,283.36,22.67,15.87,336.00,320.00,24.24
FLD,2024,3,286.76,22.94,16.06,336.00,320.00,24.48
FLD,2024,4,290.20,23.22,16.25,336.00,320.00,24.73
FLD,2025,1,293.68,23.49,16.44,336.00,320.00,24.97
FLD,2025,2,297.21,23.78,16.65,336.00,320.00,25.22
FLD,2025,3,300.77,24.06,16.84,336.00,320.00,25.48
FLD,2025,4,304.38,24.35,17.05,336.00,320.00,25.73
MGR,2024,1,250.00,10.00,7.00,576.00,320.00,14.00
MGR,2024,2,252.00,10.08,7.06,604.20,318.00,15.00
MGR,2024,3,255.00,10.20,7.14,632.00,316.00,16.00
MGR,2024,4,258.00,10.32,7.22,643.70,314.00,16.00
MGR,2025,1,260.00,10.40,7.28,655.20,312.00,17.00
MGR,2025,2,263.00,10.52,7.36,682.00,310.00,18.00
MGR,2025,3,266.00,10.64,7.45,701.50,305.00,22.00
MGR,2025,4,270.00,10.80,7.56,726.00,300.00,27.00
APC,2024,1,540.00,86.40,60.48,378.00,900.00,70.00
APC,2024,2,546.48,87.44,61.21,378.00,900.00,70.70
APC,2024,3,553.04,88.49,61.94,378.00,900.00,71.41
APC,2024,4,559.67,89.55,62.69,378.00,900.00,72.12
APC,2025,1,566.39,90.62,63.43,378.00,900.00,72.84
APC,2025,2,573.19,91.71,64.20,378.00,900.00,73.57
APC,2025,3,580.07,92.81,64.97,378.00,900.00,74.31
APC,2025,4,587.03,93.92,65.74,378.00,900.00,75.05
LMS,2024,1,240.00,42.00,29.40,240.00,800.00,36.00
LMS,2024,2,244.00,42.94,30.06,240.00,800.00,37.00
LMS,2024,3,247.00,43.97,30.78,240.00,800.00,38.00
LMS,2024,4,250.00,45.00,31.50,240.00,800.00,39.00
LMS,2025,1,255.00,42.08,29.46,240.00,800.00,40.00
LMS,2025,2,260.00,38.48,26.94,240.00,800.00,41.00
LMS,2025,3,264.00,34.32,24.02,240.00,800.00,42.00
LMS,2025,4,268.00,30.82,21.57,240.00,800.00,44.00
NWC,2024,1,610.00,134.20,93.94,252.00,1400.00,95.00
NWC,2024,2,617.32,135.81,95.07,252.00,1400.00,95.95
NWC,2024,3,624.73,137.44,96.21,252.00,1400.00,96.91
NWC,2024,4,632.22,139.09,97.36,252.00,1400.00,97.88
NWC,2025,1,639.81,140.76,98.53,252.00,1400.00,98.86
NWC,2025,2,647.49,142.45,99.72,252.00,1400.00,99.85
NWC,2025,3,655.26,144.16,100.91,252.00,1400.00,100.84
NWC,2025,4,663.12,145.89,102.12,252.00,1400.00,101.85
KMF,2024,1,360.00,32.40,22.68,375.00,500.00,28.00
KMF,2024,2,364.32,32.79,22.95,375.00,500.00,28.28
KMF,2024,3,368.69,33.18,23.23,375.00,500.00,28.56
KMF,2024,4,373.12,33.58,23.51,375.00,500.00,28.85
KMF,2025,1,377.59,33.98,23.79,375.00,500.00,29.14
KMF,2025,3,386.71,34.80,24.36,375.00,500.00,29.72
KMF,2025,4,391.35,35.22,24.65,375.00,500.00,30.02
RDG,2024,1,210.00,26.25,18.38,252.00,360.00,18.00
RDG,2024,2,214.00,26.54,18.58,252.00,360.00,18.00
RDG,2024,3,218.00,26.60,18.62,252.00,360.00,19.00
RDG,2024,4,230.00,27.60,19.32,252.00,360.00,19.00
RDG,2025,1,234.00,26.21,18.35,252.00,360.00,20.00
RDG,2025,2,238.00,24.75,17.33,252.00,360.00,20.00
RDG,2025,3,244.00,22.45,15.72,252.00,360.00,21.00
RDG,2025,4,250.00,20.50,14.35,252.00,360.00,22.00
HST,2024,1,340.00,23.80,16.66,552.00,480.00,22.00
HST,2024,2,344.08,24.09,16.86,552.00,480.00,22.22
HST,2024,3,348.21,24.37,17.06,552.00,480.00,22.44
HST,2024,4,352.39,24.67,17.27,552.00,480.00,22.67
HST,2025,1,356.62,24.96,17.47,552.00,480.00,22.89
HST,2025,2,360.90,25.26,17.68,552.00,480.00,23.12
HST,2025,3,365.23,25.57,17.90,552.00,480.00,23.35
CDH,2024,1,295.00,32.45,22.72,260.00,520.00,26.00
CDH,2024,2,298.54,32.84,22.99,260.00,520.00,26.26
CDH,2024,3,302.12,33.23,23.26,260.00,520.00,26.52
CDH,2024,4,305.75,33.63,23.54,260.00,520.00,26.79
CDH,2025,1,309.42,34.04,23.83,260.00,520.00,27.06
CDH,2025,2,313.13,34.44,24.11,260.00,520.00,27.33
CDH,2025,3,316.89,34.86,24.40,260.00,520.00,27.60
CDH,2025,4,320.69,35.28,24.70,260.00,520.00,27.88
PND,2024,1,210.00,27.30,19.11,140.00,400.00,18.00
PND,2024,2,212.52,27.63,19.34,140.00,400.00,18.18
PND,2024,3,215.07,27.96,19.57,140.00,400.00,18.36
PND,2024,4,217.65,28.29,19.80,140.00,400.00,18.55
PND,2025,1,220.26,28.63,20.04,140.00,400.00,18.73
PND,2025,2,222.91,28.98,20.29,140.00,400.00,18.92
PND,2025,4,228.29,29.68,20.78,140.00,400.00,19.30
