company_name,sector,operating_margin_prior_year,operating_margin_latest,margin_change_pp
Lumen Software,Technology,0.1800,0.1150,-6.50
Ridge Tools,Industrials,0.1200,0.0820,-3.80
Northline Stores,Retail,0.0650,0.0650,0.00
Harbor Mart,Retail,0.0550,0.0550,0.00
Field & Co,Retail,0.0800,0.0800,0.00
Metro Grocers,Retail,0.0400,0.0400,0.00
Apex Circuits,Technology,0.1600,0.1600,0.00
Northwind Cloud,Technology,0.2200,0.2200,0.00
Keel Manufacturing,Industrials,0.0900,0.0900,0.00
Cedar Health,Healthcare,0.1100,0.1100,0.00
Pine Diagnostics,Healthcare,0.1300,0.1300,0.00
